,#RIC,Date[G],Time[G],GMT Offset,Type,Ex/Cntrb.ID,Price,Volume,Bid Price,Bid Size,Ask Price,Ask Size,Qualifiers
0,ADSGn.DE,20151001,06:50:00.114,2,Auction,,72.9,475,,,,,
1,ADSGn.DE,20151001,06:50:00.194,2,Auction,,72.9,565,,,,,
2,ADSGn.DE,20151001,06:50:00.254,2,Auction,,72.21,565,,,,,
3,ADSGn.DE,20151001,06:50:02.233,2,Auction,,72.9,859,,,,,
4,ADSGn.DE,20151001,06:50:05.033,2,Auction,,72.84,859,,,,,
5,ADSGn.DE,20151001,06:50:06.363,2,Auction,,72.84,866,,,,,
6,ADSGn.DE,20151001,06:50:06.893,2,Auction,,72.01,1192,,,,,
7,ADSGn.DE,20151001,06:50:06.924,2,Auction,,72.01,1274,,,,,
8,ADSGn.DE,20151001,06:50:09.973,2,Auction,,72.01,1913,,,,,
9,ADSGn.DE,20151001,06:50:10.004,2,Auction,,72,2011,,,,,
10,ADSGn.DE,20151001,06:50:10.023,2,Auction,,72,2035,,,,,
11,ADSGn.DE,20151001,06:50:10.043,2,Auction,,72.01,2065,,,,,
12,ADSGn.DE,20151001,06:50:10.063,2,Auction,,72.01,2073,,,,,
13,ADSGn.DE,20151001,06:50:10.393,2,Auction,,72.01,2076,,,,,
14,ADSGn.DE,20151001,06:50:14.323,2,Auction,,71.99,2685,,,,,
15,ADSGn.DE,20151001,06:50:14.343,2,Auction,,71.99,2838,,,,,
16,ADSGn.DE,20151001,06:50:20.563,2,Auction,,71.99,2878,,,,,
17,ADSGn.DE,20151001,06:50:20.603,2,Auction,,71.99,2888,,,,,
18,ADSGn.DE,20151001,06:50:30.053,2,Auction,,71.99,3279,,,,,
19,ADSGn.DE,20151001,06:50:30.192,2,Auction,,71.99,3376,,,,,
20,ADSGn.DE,20151001,06:50:31.042,2,Auction,,72,3376,,,,,
21,ADSGn.DE,20151001,06:50:31.042,2,Auction,,72,3443,,,,,
22,ADSGn.DE,20151001,06:50:31.073,2,Auction,,72,3460,,,,,
23,ADSGn.DE,20151001,06:50:35.942,2,Auction,,71.99,4099,,,,,
24,ADSGn.DE,20151001,06:50:35.963,2,Auction,,71.99,4259,,,,,
25,ADSGn.DE,20151001,06:50:37.062,2,Auction,,71.99,4285,,,,,
26,ADSGn.DE,20151001,06:50:37.133,2,Auction,,71.99,4291,,,,,
27,ADSGn.DE,20151001,06:52:33.029,2,Auction,,71.04,4866,,,,,
28,ADSGn.DE,20151001,06:53:06.528,2,Auction,,71.5,5045,,,,,
29,ADSGn.DE,20151001,06:53:06.568,2,Auction,,71.5,5090,,,,,
30,ADSGn.DE,20151001,06:53:27.128,2,Auction,,71.5,5729,,,,,
31,ADSGn.DE,20151001,06:53:27.168,2,Auction,,71.04,5866,,,,,
32,ADSGn.DE,20151001,06:53:31.968,2,Auction,,71.5,5884,,,,,
33,ADSGn.DE,20151001,06:53:31.987,2,Auction,,71.5,5889,,,,,
34,ADSGn.DE,20151001,06:54:31.805,2,Auction,,71.5,6528,,,,,
35,ADSGn.DE,20151001,06:54:31.836,2,Auction,,71.5,6688,,,,,
36,ADSGn.DE,20151001,06:54:38.355,2,Auction,,71.5,6049,,,,,
37,ADSGn.DE,20151001,06:54:38.375,2,Auction,,71.5,5921,,,,,
38,ADSGn.DE,20151001,06:54:38.405,2,Auction,,71.5,5895,,,,,
39,ADSGn.DE,20151001,06:54:38.425,2,Auction,,71.5,5890,,,,,
40,ADSGn.DE,20151001,06:54:38.475,2,Auction,,71.5,5889,,,,,
41,ADSGn.DE,20151001,06:55:00.245,2,Auction,,71.5,6127,,,,,
42,ADSGn.DE,20151001,06:55:00.264,2,Auction,,71.5,6186,,,,,
43,ADSGn.DE,20151001,06:55:40.033,2,Auction,,71.5,6219,,,,,
44,ADSGn.DE,20151001,06:55:40.053,2,Auction,,71.5,6228,,,,,
45,ADSGn.DE,20151001,06:55:57.822,2,Auction,,71.99,6228,,,,,
46,ADSGn.DE,20151001,06:56:01.772,2,Auction,,71.5,6867,,,,,
47,ADSGn.DE,20151001,06:56:01.812,2,Auction,,71.5,7026,,,,,
48,ADSGn.DE,20151001,06:56:21.472,2,Auction,,71.55,7026,,,,,
49,ADSGn.DE,20151001,06:56:21.472,2,Auction,,71.76,7026,,,,,
50,ADSGn.DE,20151001,06:56:21.472,2,Auction,,71.99,7026,,,,,
51,ADSGn.DE,20151001,06:56:46.042,2,Auction,,72,7026,,,,,
52,ADSGn.DE,20151001,06:56:57.491,2,Auction,,72,7250,,,,,
53,ADSGn.DE,20151001,06:56:57.551,2,Auction,,72,7306,,,,,
54,ADSGn.DE,20151001,06:56:59.391,2,Auction,,71.99,7945,,,,,
55,ADSGn.DE,20151001,06:56:59.451,2,Auction,,71.99,8105,,,,,
56,ADSGn.DE,20151001,06:57:07.350,2,Auction,,72.7,8372,,,,,
57,ADSGn.DE,20151001,06:57:07.350,2,Auction,,72.7,8359,,,,,
58,ADSGn.DE,20151001,06:57:07.360,2,Auction,,72.7,8426,,,,,
59,ADSGn.DE,20151001,06:57:07.400,2,Auction,,72.7,8423,,,,,
60,ADSGn.DE,20151001,06:57:25.640,2,Auction,,72.41,8719,,,,,
61,ADSGn.DE,20151001,06:57:25.680,2,Auction,,72.41,8793,,,,,
62,ADSGn.DE,20151001,06:57:27.670,2,Auction,,72.26,9113,,,,,
63,ADSGn.DE,20151001,06:57:27.690,2,Auction,,72.26,9193,,,,,
64,ADSGn.DE,20151001,06:57:28.610,2,Auction,,72.21,9058,,,,,
65,ADSGn.DE,20151001,06:57:30.040,2,Auction,,72.27,9166,,,,,
66,ADSGn.DE,20151001,06:57:30.060,2,Auction,,72.21,9178,,,,,
67,ADSGn.DE,20151001,06:57:42.569,2,Auction,,72.36,9027,,,,,
68,ADSGn.DE,20151001,06:57:42.580,2,Auction,,72.51,8769,,,,,
69,ADSGn.DE,20151001,06:57:42.590,2,Auction,,72.66,8769,,,,,
70,ADSGn.DE,20151001,06:57:42.599,2,Auction,,72.7,8575,,,,,
71,ADSGn.DE,20151001,06:57:42.620,2,Auction,,72.7,8544,,,,,
72,ADSGn.DE,20151001,06:57:42.639,2,Auction,,72.7,8448,,,,,
73,ADSGn.DE,20151001,06:57:42.670,2,Auction,,72.7,8429,,,,,
74,ADSGn.DE,20151001,06:57:42.710,2,Auction,,72.7,8425,,,,,
75,ADSGn.DE,20151001,06:57:42.729,2,Auction,,72.7,8424,,,,,
76,ADSGn.DE,20151001,06:58:05.909,2,Auction,,72.7,8744,,,,,
77,ADSGn.DE,20151001,06:58:05.939,2,Auction,,72.7,8824,,,,,
78,ADSGn.DE,20151001,06:58:21.919,2,Auction,,72.7,8185,,,,,
79,ADSGn.DE,20151001,06:58:21.919,2,Auction,,72.7,7546,,,,,
80,ADSGn.DE,20151001,06:58:21.919,2,Auction,,72.7,6907,,,,,
81,ADSGn.DE,20151001,06:58:21.968,2,Auction,,72.7,6779,,,,,
82,ADSGn.DE,20151001,06:58:22.018,2,Auction,,72.7,6498,,,,,
83,ADSGn.DE,20151001,06:58:22.058,2,Auction,,72.7,6442,,,,,
84,ADSGn.DE,20151001,06:58:22.088,2,Auction,,72.7,6430,,,,,
85,ADSGn.DE,20151001,06:58:22.119,2,Auction,,72.7,6428,,,,,
86,ADSGn.DE,20151001,06:58:33.108,2,Auction,,72.7,6466,,,,,
87,ADSGn.DE,20151001,06:58:33.128,2,Auction,,72.7,6475,,,,,
88,ADSGn.DE,20151001,06:58:38.658,2,Auction,,72.7,7114,,,,,
89,ADSGn.DE,20151001,06:58:38.708,2,Auction,,72.7,7274,,,,,
90,ADSGn.DE,20151001,06:58:49.578,2,Auction,,72.7,6635,,,,,
91,ADSGn.DE,20151001,06:58:49.628,2,Auction,,72.7,6507,,,,,
92,ADSGn.DE,20151001,06:58:49.668,2,Auction,,72.7,6481,,,,,
93,ADSGn.DE,20151001,06:58:49.677,2,Auction,,72.7,6476,,,,,
94,ADSGn.DE,20151001,06:58:49.717,2,Auction,,72.7,6475,,,,,
95,ADSGn.DE,20151001,06:59:05.698,2,Auction,,72.7,7475,,,,,
96,ADSGn.DE,20151001,06:59:05.707,2,Auction,,72.7,7725,,,,,
97,ADSGn.DE,20151001,06:59:21.947,2,Auction,,72.7,7086,,,,,
98,ADSGn.DE,20151001,06:59:21.997,2,Auction,,72.7,6958,,,,,
99,ADSGn.DE,20151001,06:59:22.047,2,Auction,,72.7,6933,,,,,
100,ADSGn.DE,20151001,06:59:22.077,2,Auction,,72.7,6928,,,,,
101,ADSGn.DE,20151001,06:59:22.096,2,Auction,,72.7,6927,,,,,
102,ADSGn.DE,20151001,06:59:22.136,2,Auction,,72.7,6926,,,,,
103,ADSGn.DE,20151001,06:59:26.796,2,Auction,,72.7,7246,,,,,
104,ADSGn.DE,20151001,06:59:26.856,2,Auction,,72.7,7326,,,,,
105,ADSGn.DE,20151001,06:59:30.306,2,Auction,,72.7,7646,,,,,
106,ADSGn.DE,20151001,06:59:30.386,2,Auction,,72.7,7726,,,,,
107,ADSGn.DE,20151001,06:59:30.626,2,Auction,,72.7,7730,,,,,
108,ADSGn.DE,20151001,06:59:30.747,2,Auction,,72.7,7731,,,,,
109,ADSGn.DE,20151001,06:59:30.796,2,Auction,,72.7,8051,,,,,
110,ADSGn.DE,20151001,06:59:30.886,2,Auction,,72.7,8131,,,,,
111,ADSGn.DE,20151001,06:59:31.066,2,Auction,,72.7,8107,,,,,
112,ADSGn.DE,20151001,06:59:31.136,2,Auction,,72.7,8102,,,,,
113,ADSGn.DE,20151001,06:59:31.197,2,Auction,,72.7,8101,,,,,
114,ADSGn.DE,20151001,06:59:31.306,2,Auction,,72.7,8421,,,,,
115,ADSGn.DE,20151001,06:59:31.356,2,Auction,,72.7,8501,,,,,
116,ADSGn.DE,20151001,06:59:32.126,2,Auction,,72.7,8181,,,,,
117,ADSGn.DE,20151001,06:59:32.166,2,Auction,,72.7,8117,,,,,
118,ADSGn.DE,20151001,06:59:32.216,2,Auction,,72.7,8104,,,,,
119,ADSGn.DE,20151001,06:59:32.306,2,Auction,,72.7,8102,,,,,
120,ADSGn.DE,20151001,06:59:32.356,2,Auction,,72.7,8101,,,,,
121,ADSGn.DE,20151001,06:59:32.606,2,Auction,,72.7,8421,,,,,
122,ADSGn.DE,20151001,06:59:32.686,2,Auction,,72.7,8501,,,,,
123,ADSGn.DE,20151001,06:59:32.706,2,Auction,,72.7,8181,,,,,
124,ADSGn.DE,20151001,06:59:32.766,2,Auction,,72.7,8117,,,,,
125,ADSGn.DE,20151001,06:59:32.846,2,Auction,,72.7,8104,,,,,
126,ADSGn.DE,20151001,06:59:32.907,2,Auction,,72.7,8102,,,,,
127,ADSGn.DE,20151001,06:59:32.947,2,Auction,,72.7,8101,,,,,
128,ADSGn.DE,20151001,06:59:33.106,2,Auction,,72.7,8421,,,,,
129,ADSGn.DE,20151001,06:59:33.166,2,Auction,,72.7,8101,,,,,
130,ADSGn.DE,20151001,06:59:33.186,2,Auction,,72.7,8181,,,,,
131,ADSGn.DE,20151001,06:59:33.237,2,Auction,,72.7,8117,,,,,
132,ADSGn.DE,20151001,06:59:33.327,2,Auction,,72.7,8104,,,,,
133,ADSGn.DE,20151001,06:59:33.367,2,Auction,,72.7,8102,,,,,
134,ADSGn.DE,20151001,06:59:33.447,2,Auction,,72.7,8101,,,,,
135,ADSGn.DE,20151001,06:59:35.077,2,Auction,,72.7,8421,,,,,
136,ADSGn.DE,20151001,06:59:35.197,2,Auction,,72.7,8501,,,,,
137,ADSGn.DE,20151001,06:59:35.206,2,Auction,,72.7,8505,,,,,
138,ADSGn.DE,20151001,06:59:35.346,2,Auction,,72.7,8506,,,,,
139,ADSGn.DE,20151001,06:59:35.566,2,Auction,,72.7,8186,,,,,
140,ADSGn.DE,20151001,06:59:35.636,2,Auction,,72.7,8122,,,,,
141,ADSGn.DE,20151001,06:59:35.697,2,Auction,,72.7,8109,,,,,
142,ADSGn.DE,20151001,06:59:35.806,2,Auction,,72.7,8107,,,,,
143,ADSGn.DE,20151001,06:59:35.876,2,Auction,,72.7,8106,,,,,
144,ADSGn.DE,20151001,06:59:36.086,2,Auction,,72.7,8426,,,,,
145,ADSGn.DE,20151001,06:59:36.166,2,Auction,,72.7,8506,,,,,
146,ADSGn.DE,20151001,06:59:36.566,2,Auction,,72.7,8186,,,,,
147,ADSGn.DE,20151001,06:59:36.656,2,Auction,,72.7,8122,,,,,
148,ADSGn.DE,20151001,06:59:36.716,2,Auction,,72.7,8109,,,,,
149,ADSGn.DE,20151001,06:59:36.786,2,Auction,,72.7,8107,,,,,
150,ADSGn.DE,20151001,06:59:36.826,2,Auction,,72.7,8106,,,,,
151,ADSGn.DE,20151001,06:59:37.086,2,Auction,,72.7,8426,,,,,
152,ADSGn.DE,20151001,06:59:37.156,2,Auction,,72.7,8506,,,,,
153,ADSGn.DE,20151001,06:59:37.596,2,Auction,,72.7,8186,,,,,
154,ADSGn.DE,20151001,06:59:37.686,2,Auction,,72.7,8122,,,,,
155,ADSGn.DE,20151001,06:59:37.737,2,Auction,,72.7,8109,,,,,
156,ADSGn.DE,20151001,06:59:37.786,2,Auction,,72.7,8107,,,,,
157,ADSGn.DE,20151001,06:59:37.846,2,Auction,,72.7,8106,,,,,
158,ADSGn.DE,20151001,06:59:38.096,2,Auction,,72.7,8426,,,,,
159,ADSGn.DE,20151001,06:59:38.146,2,Auction,,72.7,8506,,,,,
160,ADSGn.DE,20151001,06:59:38.596,2,Auction,,72.7,8186,,,,,
161,ADSGn.DE,20151001,06:59:38.686,2,Auction,,72.7,8122,,,,,
162,ADSGn.DE,20151001,06:59:38.746,2,Auction,,72.7,8109,,,,,
163,ADSGn.DE,20151001,06:59:38.816,2,Auction,,72.7,8107,,,,,
164,ADSGn.DE,20151001,06:59:38.886,2,Auction,,72.7,8106,,,,,
165,ADSGn.DE,20151001,06:59:39.116,2,Auction,,72.7,8426,,,,,
166,ADSGn.DE,20151001,06:59:39.226,2,Auction,,72.7,8506,,,,,
167,ADSGn.DE,20151001,06:59:39.606,2,Auction,,72.7,8186,,,,,
168,ADSGn.DE,20151001,06:59:39.716,2,Auction,,72.7,8122,,,,,
169,ADSGn.DE,20151001,06:59:39.756,2,Auction,,72.7,8109,,,,,
170,ADSGn.DE,20151001,06:59:39.816,2,Auction,,72.7,8107,,,,,
171,ADSGn.DE,20151001,06:59:39.886,2,Auction,,72.7,8106,,,,,
172,ADSGn.DE,20151001,06:59:40.116,2,Auction,,72.7,8426,,,,,
173,ADSGn.DE,20151001,06:59:40.196,2,Auction,,72.7,8506,,,,,
174,ADSGn.DE,20151001,06:59:40.996,2,Auction,,72.7,8186,,,,,
175,ADSGn.DE,20151001,06:59:40.996,2,Auction,,72.7,8506,,,,,
176,ADSGn.DE,20151001,06:59:41.026,2,Auction,,72.7,8186,,,,,
177,ADSGn.DE,20151001,06:59:41.096,2,Auction,,72.7,8122,,,,,
178,ADSGn.DE,20151001,06:59:41.116,2,Auction,,72.7,8109,,,,,
179,ADSGn.DE,20151001,06:59:41.166,2,Auction,,72.7,8107,,,,,
180,ADSGn.DE,20151001,06:59:41.186,2,Auction,,72.7,8106,,,,,
181,ADSGn.DE,20151001,06:59:41.506,2,Auction,,72.7,8426,,,,,
182,ADSGn.DE,20151001,06:59:41.556,2,Auction,,72.7,8506,,,,,
183,ADSGn.DE,20151001,06:59:41.746,2,Auction,,72.7,8186,,,,,
184,ADSGn.DE,20151001,06:59:41.796,2,Auction,,72.7,8122,,,,,
185,ADSGn.DE,20151001,06:59:41.836,2,Auction,,72.7,8109,,,,,
186,ADSGn.DE,20151001,06:59:41.866,2,Auction,,72.7,8107,,,,,
187,ADSGn.DE,20151001,06:59:41.886,2,Auction,,72.7,8106,,,,,
188,ADSGn.DE,20151001,06:59:42.006,2,Auction,,72.7,8426,,,,,
189,ADSGn.DE,20151001,06:59:42.066,2,Auction,,72.7,8506,,,,,
190,ADSGn.DE,20151001,06:59:42.506,2,Auction,,72.7,8186,,,,,
191,ADSGn.DE,20151001,06:59:42.556,2,Auction,,72.7,8122,,,,,
192,ADSGn.DE,20151001,06:59:42.596,2,Auction,,72.7,8109,,,,,
193,ADSGn.DE,20151001,06:59:42.616,2,Auction,,72.7,8107,,,,,
194,ADSGn.DE,20151001,06:59:42.636,2,Auction,,72.7,8106,,,,,
195,ADSGn.DE,20151001,06:59:43.025,2,Auction,,72.7,8426,,,,,
196,ADSGn.DE,20151001,06:59:43.096,2,Auction,,72.7,8506,,,,,
197,ADSGn.DE,20151001,06:59:45.206,2,Auction,,72.7,8186,,,,,
198,ADSGn.DE,20151001,06:59:45.216,2,Auction,,72.7,8506,,,,,
199,ADSGn.DE,20151001,06:59:45.246,2,Auction,,72.7,8442,,,,,
200,ADSGn.DE,20151001,06:59:45.336,2,Auction,,72.7,8506,,,,,
201,ADSGn.DE,20151001,06:59:45.726,2,Auction,,72.7,8186,,,,,
202,ADSGn.DE,20151001,06:59:45.766,2,Auction,,72.7,8122,,,,,
203,ADSGn.DE,20151001,06:59:45.806,2,Auction,,72.7,8109,,,,,
204,ADSGn.DE,20151001,06:59:45.826,2,Auction,,72.7,8107,,,,,
205,ADSGn.DE,20151001,06:59:45.866,2,Auction,,72.7,8106,,,,,
206,ADSGn.DE,20151001,06:59:46.226,2,Auction,,72.7,8426,,,,,
207,ADSGn.DE,20151001,06:59:46.246,2,Auction,,72.7,8106,,,,,
208,ADSGn.DE,20151001,06:59:46.266,2,Auction,,72.7,8186,,,,,
209,ADSGn.DE,20151001,06:59:46.336,2,Auction,,72.7,8122,,,,,
210,ADSGn.DE,20151001,06:59:46.366,2,Auction,,72.7,8109,,,,,
211,ADSGn.DE,20151001,06:59:46.396,2,Auction,,72.7,8107,,,,,
212,ADSGn.DE,20151001,06:59:46.416,2,Auction,,72.7,8106,,,,,
213,ADSGn.DE,20151001,06:59:46.726,2,Auction,,72.7,8426,,,,,
214,ADSGn.DE,20151001,06:59:46.775,2,Auction,,72.7,8506,,,,,
215,ADSGn.DE,20151001,06:59:47.466,2,Auction,,72.7,8186,,,,,
216,ADSGn.DE,20151001,06:59:47.525,2,Auction,,72.7,8122,,,,,
217,ADSGn.DE,20151001,06:59:47.556,2,Auction,,72.7,8109,,,,,
218,ADSGn.DE,20151001,06:59:47.586,2,Auction,,72.7,8107,,,,,
219,ADSGn.DE,20151001,06:59:47.616,2,Auction,,72.7,8106,,,,,
220,ADSGn.DE,20151001,06:59:47.986,2,Auction,,72.7,8426,,,,,
221,ADSGn.DE,20151001,06:59:48.046,2,Auction,,72.7,8506,,,,,
222,ADSGn.DE,20151001,06:59:48.076,2,Auction,,72.7,8186,,,,,
223,ADSGn.DE,20151001,06:59:48.136,2,Auction,,72.7,8122,,,,,
224,ADSGn.DE,20151001,06:59:48.156,2,Auction,,72.7,8109,,,,,
225,ADSGn.DE,20151001,06:59:48.185,2,Auction,,72.7,8107,,,,,
226,ADSGn.DE,20151001,06:59:48.206,2,Auction,,72.7,8106,,,,,
227,ADSGn.DE,20151001,06:59:48.506,2,Auction,,72.7,8426,,,,,
228,ADSGn.DE,20151001,06:59:48.536,2,Auction,,72.7,8506,,,,,
229,ADSGn.DE,20151001,06:59:49.366,2,Auction,,72.7,8186,,,,,
230,ADSGn.DE,20151001,06:59:49.376,2,Auction,,72.7,8506,,,,,
231,ADSGn.DE,20151001,06:59:49.386,2,Auction,,72.7,8186,,,,,
232,ADSGn.DE,20151001,06:59:49.416,2,Auction,,72.7,8122,,,,,
233,ADSGn.DE,20151001,06:59:49.466,2,Auction,,72.7,8109,,,,,
234,ADSGn.DE,20151001,06:59:49.496,2,Auction,,72.7,8107,,,,,
235,ADSGn.DE,20151001,06:59:49.546,2,Auction,,72.7,8106,,,,,
236,ADSGn.DE,20151001,06:59:49.855,2,Auction,,72.7,8426,,,,,
237,ADSGn.DE,20151001,06:59:49.916,2,Auction,,72.7,8506,,,,,
238,ADSGn.DE,20151001,06:59:55.796,2,Auction,,72.7,8668,,,,,
239,ADSGn.DE,20151001,06:59:55.876,2,Auction,,72.7,8709,,,,,
240,ADSGn.DE,20151001,06:59:59.336,2,Auction,,72.78,8712,,,,,
241,ADSGn.DE,20151001,06:59:59.746,2,Auction,,72.89,10788,,,,,
242,ADSGn.DE,20151001,06:59:59.855,2,Auction,,72.86,11263,,,,,
243,ADSGn.DE,20151001,07:00:22.029,2,Quote,,,,72.7,4000,72.86,62,OCALL [GV1_TEXT];INP[PRC_QL2]
244,ADSGn.DE,20151001,07:00:22.029,2,Auction,,0,0,,,,,
245,ADSGn.DE,20151001,07:00:22.029,2,Trade,,72.86,11263,,,,,A[ACT_FLAG1];TRADE [GV1_TEXT];   [PRC_QL2]
246,ADSGn.DE,20151001,07:00:22.059,2,Quote,,,,72.71,136,72.86,7,TRADE [GV1_TEXT];   [PRC_QL2]
247,ADSGn.DE,20151001,07:00:22.059,2,Trade,,72.86,55,,,,, [ACT_FLAG1];TRADE [GV1_TEXT];   [PRC_QL2]
248,ADSGn.DE,20151001,07:00:22.069,2,Quote,,,,,,72.86,76,TRADE [GV1_TEXT];   [PRC_QL2]
249,ADSGn.DE,20151001,07:00:22.069,2,Quote,,,,,,72.86,69,TRADE [GV1_TEXT];   [PRC_QL2]
250,ADSGn.DE,20151001,07:00:22.069,2,Quote,,,,72.7,4389,,,TRADE [GV1_TEXT];   [PRC_QL2]
251,ADSGn.DE,20151001,07:00:22.069,2,Quote,,,,72.7,4180,,,TRADE [GV1_TEXT];   [PRC_QL2]
252,ADSGn.DE,20151001,07:00:22.109,2,Quote,,,,,,72.86,136,TRADE [GV1_TEXT];   [PRC_QL2]
253,ADSGn.DE,20151001,07:00:23.379,2,Quote,,,,72.7,3893,,,TRADE [GV1_TEXT];   [PRC_QL2]
254,ADSGn.DE,20151001,07:00:23.379,2,Trade,,72.7,287,,,,, [ACT_FLAG1];TRADE [GV1_TEXT];   [PRC_QL2]
255,ADSGn.DE,20151001,07:00:23.479,2,Quote,,,,72.7,3335,,,TRADE [GV1_TEXT];   [PRC_QL2]
256,ADSGn.DE,20151001,07:00:23.479,2,Trade,,72.7,558,,,,, [ACT_FLAG1];TRADE [GV1_TEXT];   [PRC_QL2]
257,ADSGn.DE,20151001,07:00:24.529,2,Quote,,,,,,72.86,185,TRADE [GV1_TEXT];   [PRC_QL2]
258,ADSGn.DE,20151001,07:00:24.529,2,Quote,,,,,,72.86,479,TRADE [GV1_TEXT];   [PRC_QL2]
259,ADSGn.DE,20151001,07:00:24.559,2,Quote,,,,,,72.86,485,TRADE [GV1_TEXT];   [PRC_QL2]
260,ADSGn.DE,20151001,07:00:24.599,2,Quote,,,,,,72.86,509,TRADE [GV1_TEXT];   [PRC_QL2]
261,ADSGn.DE,20151001,07:00:24.629,2,Quote,,,,,,72.86,538,TRADE [GV1_TEXT];   [PRC_QL2]
262,ADSGn.DE,20151001,07:00:24.689,2,Quote,,,,,,72.86,622,TRADE [GV1_TEXT];   [PRC_QL2]
263,ADSGn.DE,20151001,07:00:24.719,2,Quote,,,,,,72.86,719,TRADE [GV1_TEXT];   [PRC_QL2]
264,ADSGn.DE,20151001,07:00:24.759,2,Quote,,,,,,72.86,695,TRADE [GV1_TEXT];   [PRC_QL2]
265,ADSGn.DE,20151001,07:00:24.789,2,Quote,,,,,,72.86,749,TRADE [GV1_TEXT];   [PRC_QL2]
266,ADSGn.DE,20151001,07:00:25.358,2,Quote,,,,72.7,2321,,,TRADE [GV1_TEXT];   [PRC_QL2]
267,ADSGn.DE,20151001,07:00:25.358,2,Trade,,72.7,1014,,,,, [ACT_FLAG1];TRADE [GV1_TEXT];   [PRC_QL2]
268,ADSGn.DE,20151001,07:00:25.358,2,Quote,,,,72.69,209,,,TRADE [GV1_TEXT];   [PRC_QL2]
269,ADSGn.DE,20151001,07:00:25.369,2,Trade,,72.7,2321,,,,, [ACT_FLAG1];TRADE [GV1_TEXT];   [PRC_QL2]
270,ADSGn.DE,20151001,07:00:25.369,2,Quote,,,,72.68,162,,,TRADE [GV1_TEXT];   [PRC_QL2]
271,ADSGn.DE,20151001,07:00:25.369,2,Quote,,,,,,72.69,209,TRADE [GV1_TEXT];   [PRC_QL2]
272,ADSGn.DE,20151001,07:00:25.369,2,Quote,,,,72.54,183,72.68,162,TRADE [GV1_TEXT];   [PRC_QL2]
273,ADSGn.DE,20151001,07:00:25.369,2,Trade,,72.68,162,,,,, [ACT_FLAG1];TRADE [GV1_TEXT];   [PRC_QL2]
274,ADSGn.DE,20151001,07:00:25.389,2,Quote,,,,,,72.69,162,TRADE [GV1_TEXT];   [PRC_QL2]
275,ADSGn.DE,20151001,07:00:25.389,2,Trade,,72.68,162,,,,, [ACT_FLAG1];TRADE [GV1_TEXT];   [PRC_QL2]
276,ADSGn.DE,20151001,07:00:25.389,2,Trade,,72.69,47,,,,, [ACT_FLAG1];TRADE [GV1_TEXT];   [PRC_QL2]
277,ADSGn.DE,20151001,07:00:25.409,2,Quote,,,,,,72.68,283,TRADE [GV1_TEXT];   [PRC_QL2]
278,ADSGn.DE,20151001,07:00:25.449,2,Quote,,,,,,72.68,305,TRADE [GV1_TEXT];   [PRC_QL2]
279,ADSGn.DE,20151001,07:00:25.479,2,Quote,,,,,,72.68,320,TRADE [GV1_TEXT];   [PRC_QL2]
280,ADSGn.DE,20151001,07:00:25.608,2,Quote,,,,72.54,96,,,TRADE [GV1_TEXT];   [PRC_QL2]
281,ADSGn.DE,20151001,07:00:25.619,2,Quote,,,,72.53,209,,,TRADE [GV1_TEXT];   [PRC_QL2]
282,ADSGn.DE,20151001,07:00:25.619,2,Quote,,,,72.48,1199,,,TRADE [GV1_TEXT];   [PRC_QL2]
283,ADSGn.DE,20151001,07:00:25.629,2,Quote,,,,,,72.69,699,TRADE [GV1_TEXT];   [PRC_QL2]
284,ADSGn.DE,20151001,07:00:25.629,2,Quote,,,,,,72.69,490,TRADE [GV1_TEXT];   [PRC_QL2]
285,ADSGn.DE,20151001,07:00:25.688,2,Quote,,,,,,72.69,453,TRADE [GV1_TEXT];   [PRC_QL2]
286,ADSGn.DE,20151001,07:00:25.858,2,Quote,,,,,,72.69,490,TRADE [GV1_TEXT];   [PRC_QL2]
287,ADSGn.DE,20151001,07:00:26.438,2,Quote,,,,,,72.69,328,TRADE [GV1_TEXT];   [PRC_QL2]
288,ADSGn.DE,20151001,07:00:26.438,2,Quote,,,,72.48,511,,,TRADE [GV1_TEXT];   [PRC_QL2]
289,ADSGn.DE,20151001,07:00:26.438,2,Quote,,,,72.48,607,,,TRADE [GV1_TEXT];   [PRC_QL2]
290,ADSGn.DE,20151001,07:00:26.469,2,Quote,,,,,,72.7,555,TRADE [GV1_TEXT];   [PRC_QL2]
291,ADSGn.DE,20151001,07:00:26.469,2,Quote,,,,,,72.7,346,TRADE [GV1_TEXT];   [PRC_QL2]
292,ADSGn.DE,20151001,07:00:26.509,2,Quote,,,,,,72.76,502,TRADE [GV1_TEXT];   [PRC_QL2]
293,ADSGn.DE,20151001,07:00:26.509,2,Quote,,,,,,72.75,136,TRADE [GV1_TEXT];   [PRC_QL2]
294,ADSGn.DE,20151001,07:00:26.688,2,Quote,,,,,,72.74,96,TRADE [GV1_TEXT];   [PRC_QL2]
295,ADSGn.DE,20151001,07:00:26.719,2,Quote,,,,,,72.74,442,TRADE [GV1_TEXT];   [PRC_QL2]
296,ADSGn.DE,20151001,07:00:26.938,2,Quote,,,,,,72.73,96,TRADE [GV1_TEXT];   [PRC_QL2]
297,ADSGn.DE,20151001,07:00:26.999,2,Quote,,,,,,72.73,360,TRADE [GV1_TEXT];   [PRC_QL2]
298,ADSGn.DE,20151001,07:00:27.188,2,Quote,,,,,,72.72,96,TRADE [GV1_TEXT];   [PRC_QL2]
299,ADSGn.DE,20151001,07:00:27.228,2,Quote,,,,,,72.72,222,TRADE [GV1_TEXT];   [PRC_QL2]
300,ADSGn.DE,20151001,07:00:27.228,2,Quote,,,,,,72.72,336,TRADE [GV1_TEXT];   [PRC_QL2]
301,ADSGn.DE,20151001,07:00:27.438,2,Quote,,,,,,72.71,96,TRADE [GV1_TEXT];   [PRC_QL2]
302,ADSGn.DE,20151001,07:00:27.739,2,Quote,,,,,,72.71,269,TRADE [GV1_TEXT];   [PRC_QL2]
303,ADSGn.DE,20151001,07:00:27.739,2,Quote,,,,,,72.7,96,TRADE [GV1_TEXT];   [PRC_QL2]
304,ADSGn.DE,20151001,07:00:27.879,2,Quote,,,,,,72.69,136,TRADE [GV1_TEXT];   [PRC_QL2]
305,ADSGn.DE,20151001,07:00:28.188,2,Quote,,,,,,72.69,205,TRADE [GV1_TEXT];   [PRC_QL2]
306,ADSGn.DE,20151001,07:00:28.239,2,Quote,,,,,,72.69,303,TRADE [GV1_TEXT];   [PRC_QL2]
307,ADSGn.DE,20151001,07:00:28.759,2,Quote,,,,,,72.69,363,TRADE [GV1_TEXT];   [PRC_QL2]
308,ADSGn.DE,20151001,07:00:29.108,2,Quote,,,,,,72.69,459,TRADE [GV1_TEXT];   [PRC_QL2]
309,ADSGn.DE,20151001,07:00:29.148,2,Quote,,,,,,72.69,563,TRADE [GV1_TEXT];   [PRC_QL2]
310,ADSGn.DE,20151001,07:00:29.259,2,Quote,,,,72.48,511,,,TRADE [GV1_TEXT];   [PRC_QL2]
311,ADSGn.DE,20151001,07:00:29.309,2,Quote,,,,72.48,607,,,TRADE [GV1_TEXT];   [PRC_QL2]
312,ADSGn.DE,20151001,07:00:29.819,2,Quote,,,,,,72.69,857,TRADE [GV1_TEXT];   [PRC_QL2]
313,ADSGn.DE,20151001,07:00:29.819,2,Quote,,,,72.48,511,,,TRADE [GV1_TEXT];   [PRC_QL2]
314,ADSGn.DE,20151001,07:00:29.869,2,Quote,,,,,,72.69,906,TRADE [GV1_TEXT];   [PRC_QL2]
315,ADSGn.DE,20151001,07:00:29.879,2,Quote,,,,,,72.69,943,TRADE [GV1_TEXT];   [PRC_QL2]
316,ADSGn.DE,20151001,07:00:29.938,2,Quote,,,,,,72.69,996,TRADE [GV1_TEXT];   [PRC_QL2]
317,ADSGn.DE,20151001,07:00:29.989,2,Quote,,,,,,72.69,1087,TRADE [GV1_TEXT];   [PRC_QL2]
318,ADSGn.DE,20151001,07:00:30.049,2,Quote,,,,,,72.69,1117,TRADE [GV1_TEXT];   [PRC_QL2]
319,ADSGn.DE,20151001,07:00:30.089,2,Quote,,,,,,72.69,1179,TRADE [GV1_TEXT];   [PRC_QL2]
320,ADSGn.DE,20151001,07:00:30.139,2,Quote,,,,,,72.69,1272,TRADE [GV1_TEXT];   [PRC_QL2]
321,ADSGn.DE,20151001,07:00:30.219,2,Quote,,,,,,72.69,1352,TRADE [GV1_TEXT];   [PRC_QL2]
322,ADSGn.DE,20151001,07:00:30.319,2,Quote,,,,72.48,607,,,TRADE [GV1_TEXT];   [PRC_QL2]
323,ADSGn.DE,20151001,07:00:30.358,2,Quote,,,,,,72.69,1448,TRADE [GV1_TEXT];   [PRC_QL2]
324,ADSGn.DE,20151001,07:00:30.389,2,Quote,,,,72.48,636,,,TRADE [GV1_TEXT];   [PRC_QL2]
325,ADSGn.DE,20151001,07:00:30.409,2,Quote,,,,,,72.69,1490,TRADE [GV1_TEXT];   [PRC_QL2]
326,ADSGn.DE,20151001,07:00:30.589,2,Quote,,,,72.48,540,,,TRADE [GV1_TEXT];   [PRC_QL2]
327,ADSGn.DE,20151001,07:00:31.099,2,Quote,,,,72.48,637,,,TRADE [GV1_TEXT];   [PRC_QL2]
328,ADSGn.DE,20151001,07:00:31.409,2,Quote,,,,72.49,21,,,TRADE [GV1_TEXT];   [PRC_QL2]
329,ADSGn.DE,20151001,07:00:31.409,2,Quote,,,,72.49,117,,,TRADE [GV1_TEXT];   [PRC_QL2]
330,ADSGn.DE,20151001,07:00:31.429,2,Quote,,,,,,72.69,1450,TRADE [GV1_TEXT];   [PRC_QL2]
331,ADSGn.DE,20151001,07:00:31.469,2,Quote,,,,,,72.69,1438,TRADE [GV1_TEXT];   [PRC_QL2]
332,ADSGn.DE,20151001,07:00:33.428,2,Quote,,,,,,72.68,656,TRADE [GV1_TEXT];   [PRC_QL2]
333,ADSGn.DE,20151001,07:00:33.638,2,Quote,,,,,,72.67,656,TRADE [GV1_TEXT];   [PRC_QL2]
334,ADSGn.DE,20151001,07:00:33.648,2,Quote,,,,72.49,21,,,TRADE [GV1_TEXT];   [PRC_QL2]
335,ADSGn.DE,20151001,07:00:33.839,2,Quote,,,,,,72.66,98,TRADE [GV1_TEXT];   [PRC_QL2]
336,ADSGn.DE,20151001,07:00:33.839,2,Quote,,,,,,72.66,460,TRADE [GV1_TEXT];   [PRC_QL2]
337,ADSGn.DE,20151001,07:00:34.039,2,Quote,,,,,,72.65,98,TRADE [GV1_TEXT];   [PRC_QL2]
338,ADSGn.DE,20151001,07:00:34.049,2,Quote,,,,,,72.65,395,TRADE [GV1_TEXT];   [PRC_QL2]
339,ADSGn.DE,20151001,07:00:34.178,2,Quote,,,,,,72.65,464,TRADE [GV1_TEXT];   [PRC_QL2]
340,ADSGn.DE,20151001,07:00:34.548,2,Quote,,,,,,72.64,98,TRADE [GV1_TEXT];   [PRC_QL2]
341,ADSGn.DE,20151001,07:00:34.548,2,Quote,,,,,,72.64,364,TRADE [GV1_TEXT];   [PRC_QL2]
342,ADSGn.DE,20151001,07:00:35.058,2,Quote,,,,,,72.63,98,TRADE [GV1_TEXT];   [PRC_QL2]
343,ADSGn.DE,20151001,07:00:35.058,2,Quote,,,,,,72.63,286,TRADE [GV1_TEXT];   [PRC_QL2]
344,ADSGn.DE,20151001,07:00:35.058,2,Quote,,,,,,72.63,580,TRADE [GV1_TEXT];   [PRC_QL2]
345,ADSGn.DE,20151001,07:00:35.058,2,Quote,,,,,,72.63,629,TRADE [GV1_TEXT];   [PRC_QL2]
346,ADSGn.DE,20151001,07:00:35.569,2,Quote,,,,,,72.62,200,TRADE [GV1_TEXT];   [PRC_QL2]
347,ADSGn.DE,20151001,07:00:36.569,2,Quote,,,,,,72.61,122,TRADE [GV1_TEXT];   [PRC_QL2]
348,ADSGn.DE,20151001,07:00:37.178,2,Quote,,,,,,72.61,191,TRADE [GV1_TEXT];   [PRC_QL2]
349,ADSGn.DE,20151001,07:00:37.568,2,Quote,,,,,,72.61,167,TRADE [GV1_TEXT];   [PRC_QL2]
350,ADSGn.DE,20151001,07:00:37.568,2,Quote,,,,,,72.6,77,TRADE [GV1_TEXT];   [PRC_QL2]
351,ADSGn.DE,20151001,07:00:38.588,2,Quote,,,,,,72.59,77,TRADE [GV1_TEXT];   [PRC_QL2]
352,ADSGn.DE,20151001,07:00:38.648,2,Quote,,,,,,72.59,93,TRADE [GV1_TEXT];   [PRC_QL2]
353,ADSGn.DE,20151001,07:00:39.178,2,Quote,,,,,,72.59,162,TRADE [GV1_TEXT];   [PRC_QL2]
354,ADSGn.DE,20151001,07:00:40.348,2,Quote,,,,,,72.59,456,TRADE [GV1_TEXT];   [PRC_QL2]
355,ADSGn.DE,20151001,07:00:40.369,2,Quote,,,,,,72.59,505,TRADE [GV1_TEXT];   [PRC_QL2]
356,ADSGn.DE,20151001,07:00:40.598,2,Quote,,,,,,72.58,67,TRADE [GV1_TEXT];   [PRC_QL2]
357,ADSGn.DE,20151001,07:00:42.608,2,Quote,,,,,,72.59,688,TRADE [GV1_TEXT];   [PRC_QL2]
358,ADSGn.DE,20151001,07:00:42.608,2,Quote,,,,,,72.59,479,TRADE [GV1_TEXT];   [PRC_QL2]
359,ADSGn.DE,20151001,07:00:42.848,2,Quote,,,,,,72.59,500,TRADE [GV1_TEXT];   [PRC_QL2]
360,ADSGn.DE,20151001,07:00:44.068,2,Quote,,,,,,72.58,94,TRADE [GV1_TEXT];   [PRC_QL2]
361,ADSGn.DE,20151001,07:00:45.258,2,Quote,,,,,,72.59,709,TRADE [GV1_TEXT];   [PRC_QL2]
362,ADSGn.DE,20151001,07:00:45.268,2,Trade,,72.58,94,,,,, [ACT_FLAG1];TRADE [GV1_TEXT];   [PRC_QL2]
363,ADSGn.DE,20151001,07:00:45.268,2,Quote,,,,,,72.59,500,TRADE [GV1_TEXT];   [PRC_QL2]
364,ADSGn.DE,20151001,07:00:45.289,2,Quote,,,,,,72.59,515,TRADE [GV1_TEXT];   [PRC_QL2]
365,ADSGn.DE,20151001,07:00:45.319,2,Quote,,,,,,72.59,587,TRADE [GV1_TEXT];   [PRC_QL2]
366,ADSGn.DE,20151001,07:00:45.628,2,Quote,,,,,,72.58,134,TRADE [GV1_TEXT];   [PRC_QL2]
367,ADSGn.DE,20151001,07:00:45.648,2,Quote,,,,,,72.58,428,TRADE [GV1_TEXT];   [PRC_QL2]
368,ADSGn.DE,20151001,07:00:45.688,2,Quote,,,,,,72.58,477,TRADE [GV1_TEXT];   [PRC_QL2]
369,ADSGn.DE,20151001,07:00:46.638,2,Quote,,,,,,72.58,604,TRADE [GV1_TEXT];   [PRC_QL2]
370,ADSGn.DE,20151001,07:00:46.688,2,Quote,,,,,,72.58,680,TRADE [GV1_TEXT];   [PRC_QL2]
371,ADSGn.DE,20151001,07:00:46.739,2,Quote,,,,,,72.58,633,TRADE [GV1_TEXT];   [PRC_QL2]
372,ADSGn.DE,20151001,07:00:46.819,2,Quote,,,,,,72.58,686,TRADE [GV1_TEXT];   [PRC_QL2]
373,ADSGn.DE,20151001,07:00:46.898,2,Quote,,,,,,72.58,737,TRADE [GV1_TEXT];   [PRC_QL2]
374,ADSGn.DE,20151001,07:00:46.948,2,Quote,,,,,,72.58,765,TRADE [GV1_TEXT];   [PRC_QL2]
375,ADSGn.DE,20151001,07:00:46.978,2,Quote,,,,,,72.58,819,TRADE [GV1_TEXT];   [PRC_QL2]
376,ADSGn.DE,20151001,07:00:47.088,2,Quote,,,,,,72.58,891,TRADE [GV1_TEXT];   [PRC_QL2]
377,ADSGn.DE,20151001,07:00:47.128,2,Quote,,,,,,72.58,925,TRADE [GV1_TEXT];   [PRC_QL2]
378,ADSGn.DE,20151001,07:00:47.178,2,Quote,,,,,,72.58,954,TRADE [GV1_TEXT];   [PRC_QL2]
379,ADSGn.DE,20151001,07:00:47.218,2,Quote,,,,,,72.58,1011,TRADE [GV1_TEXT];   [PRC_QL2]
380,ADSGn.DE,20151001,07:00:49.478,2,Trade,,72.49,21,,,,, [ACT_FLAG1];TRADE [GV1_TEXT];   [PRC_QL2]
381,ADSGn.DE,20151001,07:00:49.478,2,Trade,,72.48,335,,,,, [ACT_FLAG1];TRADE [GV1_TEXT];   [PRC_QL2]
382,ADSGn.DE,20151001,07:00:49.478,2,Quote,,,,72.43,75,,,TRADE [GV1_TEXT];   [PRC_QL2]
383,ADSGn.DE,20151001,07:00:49.488,2,Quote,,,,,,72.57,136,TRADE [GV1_TEXT];   [PRC_QL2]
384,ADSGn.DE,20151001,07:00:49.488,2,Quote,,,,,,72.58,1220,TRADE [GV1_TEXT];   [PRC_QL2]
385,ADSGn.DE,20151001,07:00:49.488,2,Quote,,,,,,72.58,1011,TRADE [GV1_TEXT];   [PRC_QL2]
386,ADSGn.DE,20151001,07:00:49.518,2,Quote,,,,,,72.57,604,TRADE [GV1_TEXT];   [PRC_QL2]
387,ADSGn.DE,20151001,07:00:49.728,2,Quote,,,,,,72.56,103,TRADE [GV1_TEXT];   [PRC_QL2]
388,ADSGn.DE,20151001,07:00:49.728,2,Quote,,,,,,72.56,443,TRADE [GV1_TEXT];   [PRC_QL2]
389,ADSGn.DE,20151001,07:00:49.938,2,Quote,,,,,,72.55,346,TRADE [GV1_TEXT];   [PRC_QL2]
390,ADSGn.DE,20151001,07:00:50.138,2,Quote,,,,,,72.54,103,TRADE [GV1_TEXT];   [PRC_QL2]
391,ADSGn.DE,20151001,07:00:50.148,2,Quote,,,,,,72.54,346,TRADE [GV1_TEXT];   [PRC_QL2]
392,ADSGn.DE,20151001,07:00:50.178,2,Quote,,,,,,72.54,415,TRADE [GV1_TEXT];   [PRC_QL2]
393,ADSGn.DE,20151001,07:00:50.198,2,Quote,,,,,,72.54,437,TRADE [GV1_TEXT];   [PRC_QL2]
394,ADSGn.DE,20151001,07:00:50.658,2,Quote,,,,,,72.53,258,TRADE [GV1_TEXT];   [PRC_QL2]
395,ADSGn.DE,20151001,07:00:50.668,2,Quote,,,,,,72.53,307,TRADE [GV1_TEXT];   [PRC_QL2]
396,ADSGn.DE,20151001,07:00:50.668,2,Quote,,,,,,72.53,601,TRADE [GV1_TEXT];   [PRC_QL2]
397,ADSGn.DE,20151001,07:00:51.178,2,Quote,,,,,,72.52,103,TRADE [GV1_TEXT];   [PRC_QL2]
398,ADSGn.DE,20151001,07:00:51.178,2,Quote,,,,,,72.52,188,TRADE [GV1_TEXT];   [PRC_QL2]
399,ADSGn.DE,20151001,07:00:51.688,2,Quote,,,,,,72.52,85,TRADE [GV1_TEXT];   [PRC_QL2]
400,ADSGn.DE,20151001,07:00:51.688,2,Quote,,,,,,72.53,757,TRADE [GV1_TEXT];   [PRC_QL2]
401,ADSGn.DE,20151001,07:00:51.688,2,Quote,,,,,,72.53,531,TRADE [GV1_TEXT];   [PRC_QL2]
402,ADSGn.DE,20151001,07:00:51.898,2,Quote,,,,,,72.53,444,TRADE [GV1_TEXT];   [PRC_QL2]
403,ADSGn.DE,20151001,07:00:53.038,2,Quote,,,,,,72.53,516,TRADE [GV1_TEXT];   [PRC_QL2]
404,ADSGn.DE,20151001,07:00:53.069,2,Quote,,,,,,72.53,613,TRADE [GV1_TEXT];   [PRC_QL2]
405,ADSGn.DE,20151001,07:00:53.108,2,Quote,,,,,,72.52,187,TRADE [GV1_TEXT];   [PRC_QL2]
406,ADSGn.DE,20151001,07:00:53.318,2,Quote,,,,,,72.52,86,TRADE [GV1_TEXT];   [PRC_QL2]
407,ADSGn.DE,20151001,07:00:53.318,2,Quote,,,,,,72.53,747,TRADE [GV1_TEXT];   [PRC_QL2]
408,ADSGn.DE,20151001,07:00:53.318,2,Quote,,,,,,72.53,521,TRADE [GV1_TEXT];   [PRC_QL2]
409,ADSGn.DE,20151001,07:00:53.518,2,Quote,,,,,,72.53,431,TRADE [GV1_TEXT];   [PRC_QL2]
410,ADSGn.DE,20151001,07:01:00.698,2,Quote,,,,,,72.52,96,TRADE [GV1_TEXT];   [PRC_QL2]
411,ADSGn.DE,20151001,07:01:00.708,2,Quote,,,,,,72.52,145,TRADE [GV1_TEXT];   [PRC_QL2]
412,ADSGn.DE,20151001,07:01:00.708,2,Quote,,,,,,72.52,439,TRADE [GV1_TEXT];   [PRC_QL2]
413,ADSGn.DE,20151001,07:01:00.708,2,Quote,,,,,,72.52,481,TRADE [GV1_TEXT];   [PRC_QL2]
414,ADSGn.DE,20151001,07:01:01.147,2,Quote,,,,72.43,149,,,TRADE [GV1_TEXT];   [PRC_QL2]
415,ADSGn.DE,20151001,07:01:02.067,2,Quote,,,,72.42,191,,,TRADE [GV1_TEXT];   [PRC_QL2]
416,ADSGn.DE,20151001,07:01:02.067,2,Trade,,72.43,149,,,,, [ACT_FLAG1];TRADE [GV1_TEXT];   [PRC_QL2]
417,ADSGn.DE,20151001,07:01:02.067,2,Quote,,,,72.42,37,,,TRADE [GV1_TEXT];   [PRC_QL2]
418,ADSGn.DE,20151001,07:01:02.067,2,Trade,,72.42,154,,,,, [ACT_FLAG1];TRADE [GV1_TEXT];   [PRC_QL2]
419,ADSGn.DE,20151001,07:01:02.067,2,Quote,,,,72.33,70,72.51,107,TRADE [GV1_TEXT];   [PRC_QL2]
420,ADSGn.DE,20151001,07:01:02.067,2,Quote,,,,72.34,136,,,TRADE [GV1_TEXT];   [PRC_QL2]
421,ADSGn.DE,20151001,07:01:02.067,2,Quote,,,,,,72.5,136,TRADE [GV1_TEXT];   [PRC_QL2]
422,ADSGn.DE,20151001,07:01:02.088,2,Quote,,,,,,72.51,136,TRADE [GV1_TEXT];   [PRC_QL2]
423,ADSGn.DE,20151001,07:01:02.118,2,Quote,,,,72.32,136,,,TRADE [GV1_TEXT];   [PRC_QL2]
424,ADSGn.DE,20151001,07:01:02.118,2,Quote,,,,,,72.5,200,TRADE [GV1_TEXT];   [PRC_QL2]
425,ADSGn.DE,20151001,07:01:02.118,2,Quote,,,,,,72.49,136,TRADE [GV1_TEXT];   [PRC_QL2]
426,ADSGn.DE,20151001,07:01:02.147,2,Quote,,,,72.41,92,,,TRADE [GV1_TEXT];   [PRC_QL2]
427,ADSGn.DE,20151001,07:01:02.147,2,Quote,,,,72.41,184,,,TRADE [GV1_TEXT];   [PRC_QL2]
428,ADSGn.DE,20151001,07:01:02.168,2,Quote,,,,,,72.49,238,TRADE [GV1_TEXT];   [PRC_QL2]
429,ADSGn.DE,20151001,07:01:02.187,2,Quote,,,,,,72.49,232,TRADE [GV1_TEXT];   [PRC_QL2]
430,ADSGn.DE,20151001,07:01:02.347,2,Quote,,,,,,72.49,96,TRADE [GV1_TEXT];   [PRC_QL2]
431,ADSGn.DE,20151001,07:01:02.378,2,Quote,,,,,,72.5,423,TRADE [GV1_TEXT];   [PRC_QL2]
432,ADSGn.DE,20151001,07:01:02.378,2,Quote,,,,,,72.5,184,TRADE [GV1_TEXT];   [PRC_QL2]
433,ADSGn.DE,20151001,07:01:03.058,2,Quote,,,,72.41,92,,,TRADE [GV1_TEXT];   [PRC_QL2]
434,ADSGn.DE,20151001,07:01:03.068,2,Quote,,,,72.4,178,,,TRADE [GV1_TEXT];   [PRC_QL2]
435,ADSGn.DE,20151001,07:01:03.068,2,Quote,,,,72.32,136,,,TRADE [GV1_TEXT];   [PRC_QL2]
436,ADSGn.DE,20151001,07:01:03.068,2,Quote,,,,,,72.49,136,TRADE [GV1_TEXT];   [PRC_QL2]
437,ADSGn.DE,20151001,07:01:03.068,2,Quote,,,,72.33,180,,,TRADE [GV1_TEXT];   [PRC_QL2]
438,ADSGn.DE,20151001,07:01:03.107,2,Quote,,,,,,72.49,240,TRADE [GV1_TEXT];   [PRC_QL2]
439,ADSGn.DE,20151001,07:01:03.338,2,Quote,,,,,,72.48,104,TRADE [GV1_TEXT];   [PRC_QL2]
440,ADSGn.DE,20151001,07:01:03.338,2,Quote,,,,,,72.48,240,TRADE [GV1_TEXT];   [PRC_QL2]
441,ADSGn.DE,20151001,07:01:03.338,2,Quote,,,,72.33,316,,,TRADE [GV1_TEXT];   [PRC_QL2]
442,ADSGn.DE,20151001,07:01:03.418,2,Quote,,,,,,72.48,242,TRADE [GV1_TEXT];   [PRC_QL2]
443,ADSGn.DE,20151001,07:01:03.528,2,Quote,,,,,,72.47,103,TRADE [GV1_TEXT];   [PRC_QL2]
444,ADSGn.DE,20151001,07:01:03.528,2,Quote,,,,72.33,180,,,TRADE [GV1_TEXT];   [PRC_QL2]
445,ADSGn.DE,20151001,07:01:03.528,2,Quote,,,,,,72.47,239,TRADE [GV1_TEXT];   [PRC_QL2]
446,ADSGn.DE,20151001,07:01:03.528,2,Quote,,,,72.32,178,,,TRADE [GV1_TEXT];   [PRC_QL2]
447,ADSGn.DE,20151001,07:01:03.528,2,Trade,,72.33,180,,,,, [ACT_FLAG1];TRADE [GV1_TEXT];   [PRC_QL2]
448,ADSGn.DE,20151001,07:01:03.528,2,Quote,,,,72.31,24,,,TRADE [GV1_TEXT];   [PRC_QL2]
449,ADSGn.DE,20151001,07:01:03.528,2,Quote,,,,,,72.46,136,TRADE [GV1_TEXT];   [PRC_QL2]
450,ADSGn.DE,20151001,07:01:03.758,2,Quote,,,,,,72.45,106,TRADE [GV1_TEXT];   [PRC_QL2]
451,ADSGn.DE,20151001,07:01:03.758,2,Quote,,,,,,72.45,242,TRADE [GV1_TEXT];   [PRC_QL2]
452,ADSGn.DE,20151001,07:01:03.758,2,Quote,,,,,,72.44,136,TRADE [GV1_TEXT];   [PRC_QL2]
453,ADSGn.DE,20151001,07:01:04.187,2,Quote,,,,,,72.44,205,TRADE [GV1_TEXT];   [PRC_QL2]
454,ADSGn.DE,20151001,07:01:04.267,2,Quote,,,,,,72.43,68,TRADE [GV1_TEXT];   [PRC_QL2]
455,ADSGn.DE,20151001,07:01:04.767,2,Quote,,,,,,72.42,68,TRADE [GV1_TEXT];   [PRC_QL2]
456,ADSGn.DE,20151001,07:01:04.838,2,Quote,,,,,,72.42,104,TRADE [GV1_TEXT];   [PRC_QL2]
457,ADSGn.DE,20151001,07:01:05.267,2,Quote,,,,,,72.41,104,TRADE [GV1_TEXT];   [PRC_QL2]
458,ADSGn.DE,20151001,07:01:05.267,2,Quote,,,,72.3,178,,,TRADE [GV1_TEXT];   [PRC_QL2]
459,ADSGn.DE,20151001,07:01:05.267,2,Trade,,72.31,24,,,,, [ACT_FLAG1];TRADE [GV1_TEXT];   [PRC_QL2]
460,ADSGn.DE,20151001,07:01:05.267,2,Quote,,,,,,72.42,239,TRADE [GV1_TEXT];   [PRC_QL2]
461,ADSGn.DE,20151001,07:01:05.267,2,Trade,,72.41,104,,,,, [ACT_FLAG1];TRADE [GV1_TEXT];   [PRC_QL2]
462,ADSGn.DE,20151001,07:01:05.267,2,Quote,,,,72.26,136,,,TRADE [GV1_TEXT];   [PRC_QL2]
463,ADSGn.DE,20151001,07:01:05.267,2,Quote,,,,72.31,100,72.43,239,TRADE [GV1_TEXT];   [PRC_QL2]
464,ADSGn.DE,20151001,07:01:05.267,2,Quote,,,,,,72.44,308,TRADE [GV1_TEXT];   [PRC_QL2]
465,ADSGn.DE,20151001,07:01:05.278,2,Quote,,,,,,72.44,69,TRADE [GV1_TEXT];   [PRC_QL2]
466,ADSGn.DE,20151001,07:01:05.307,2,Quote,,,,,,72.41,95,TRADE [GV1_TEXT];   [PRC_QL2]
467,ADSGn.DE,20151001,07:01:05.307,2,Quote,,,,72.26,136,,,TRADE [GV1_TEXT];   [PRC_QL2]
468,ADSGn.DE,20151001,07:01:05.307,2,Quote,,,,72.27,180,,,TRADE [GV1_TEXT];   [PRC_QL2]
469,ADSGn.DE,20151001,07:01:05.307,2,Quote,,,,72.28,136,,,TRADE [GV1_TEXT];   [PRC_QL2]
470,ADSGn.DE,20151001,07:01:05.318,2,Quote,,,,,,72.44,69,TRADE [GV1_TEXT];   [PRC_QL2]
471,ADSGn.DE,20151001,07:01:05.318,2,Trade,,72.41,95,,,,, [ACT_FLAG1];TRADE [GV1_TEXT];   [PRC_QL2]
472,ADSGn.DE,20151001,07:01:05.318,2,Quote,,,,72.29,100,,,TRADE [GV1_TEXT];   [PRC_QL2]
473,ADSGn.DE,20151001,07:01:05.318,2,Quote,,,,72.3,136,,,TRADE [GV1_TEXT];   [PRC_QL2]
474,ADSGn.DE,20151001,07:01:05.318,2,Quote,,,,72.26,136,,,TRADE [GV1_TEXT];   [PRC_QL2]
475,ADSGn.DE,20151001,07:01:05.397,2,Quote,,,,,,72.44,139,TRADE [GV1_TEXT];   [PRC_QL2]
476,ADSGn.DE,20151001,07:01:05.397,2,Quote,,,,72.27,180,,,TRADE [GV1_TEXT];   [PRC_QL2]
477,ADSGn.DE,20151001,07:01:05.397,2,Quote,,,,72.28,136,,,TRADE [GV1_TEXT];   [PRC_QL2]
478,ADSGn.DE,20151001,07:01:05.408,2,Quote,,,,72.26,136,,,TRADE [GV1_TEXT];   [PRC_QL2]
479,ADSGn.DE,20151001,07:01:05.408,2,Quote,,,,72.27,180,,,TRADE [GV1_TEXT];   [PRC_QL2]
480,ADSGn.DE,20151001,07:01:05.408,2,Quote,,,,72.28,136,,,TRADE [GV1_TEXT];   [PRC_QL2]
481,ADSGn.DE,20151001,07:01:05.408,2,Quote,,,,72.27,136,,,TRADE [GV1_TEXT];   [PRC_QL2]
482,ADSGn.DE,20151001,07:01:05.548,2,Quote,,,,,,72.43,70,TRADE [GV1_TEXT];   [PRC_QL2]
483,ADSGn.DE,20151001,07:01:06.017,2,Quote,,,,,,72.43,364,TRADE [GV1_TEXT];   [PRC_QL2]
484,ADSGn.DE,20151001,07:01:06.017,2,Quote,,,,,,72.42,136,TRADE [GV1_TEXT];   [PRC_QL2]
485,ADSGn.DE,20151001,07:01:06.028,2,Quote,,,,,,72.43,603,TRADE [GV1_TEXT];   [PRC_QL2]
486,ADSGn.DE,20151001,07:01:06.028,2,Trade,,72.42,136,,,,, [ACT_FLAG1];TRADE [GV1_TEXT];   [PRC_QL2]
487,ADSGn.DE,20151001,07:01:06.028,2,Quote,,,,72.28,100,72.43,364,TRADE [GV1_TEXT];   [PRC_QL2]
488,ADSGn.DE,20151001,07:01:06.028,2,Quote,,,,72.29,136,,,TRADE [GV1_TEXT];   [PRC_QL2]
489,ADSGn.DE,20151001,07:01:06.028,2,Quote,,,,72.28,136,,,TRADE [GV1_TEXT];   [PRC_QL2]
490,ADSGn.DE,20151001,07:01:06.057,2,Quote,,,,,,72.43,413,TRADE [GV1_TEXT];   [PRC_QL2]
491,ADSGn.DE,20151001,07:01:06.088,2,Quote,,,,,,72.43,422,TRADE [GV1_TEXT];   [PRC_QL2]
492,ADSGn.DE,20151001,07:01:06.568,2,Quote,,,,,,72.43,503,TRADE [GV1_TEXT];   [PRC_QL2]
493,ADSGn.DE,20151001,07:01:06.647,2,Quote,,,,,,72.43,563,TRADE [GV1_TEXT];   [PRC_QL2]
494,ADSGn.DE,20151001,07:01:06.698,2,Quote,,,,,,72.42,79,TRADE [GV1_TEXT];   [PRC_QL2]
495,ADSGn.DE,20151001,07:01:06.698,2,Quote,,,,,,72.42,149,TRADE [GV1_TEXT];   [PRC_QL2]
496,ADSGn.DE,20151001,07:01:07.088,2,Quote,,,,72.28,320,,,TRADE [GV1_TEXT];   [PRC_QL2]
497,ADSGn.DE,20151001,07:01:07.187,2,Quote,,,,,,72.42,218,TRADE [GV1_TEXT];   [PRC_QL2]
498,ADSGn.DE,20151001,07:01:07.318,2,Quote,,,,72.29,64,,,TRADE [GV1_TEXT];   [PRC_QL2]
499,ADSGn.DE,20151001,07:01:07.318,2,Quote,,,,72.3,136,,,TRADE [GV1_TEXT];   [PRC_QL2]
